"Parameter","median","sd","min","Q0.25","mean","Q0.75","max"
"T~max~ (hr)",0.642654817635624,0.507287319321991,0.210790262819236,0.40375637539512,0.766278393884054,1.00473138372918,2.25637381305475
"C~max~ (mg/L)",10.2316619226677,2.35095521753571,6.81107405212895,8.64214862739052,10.4192022984953,11.9083228556902,14.6709883259173
"AUC (mg*hr/L)",78.9803890244386,34.5155078990023,40.4886902212209,55.6513638919629,84.9274963251977,107.926603794807,172.132383397107
"Half-life (hr)",4.87647852142224,1.40151449853442,2.61338556140195,3.77837599689035,4.94962014966017,5.6779371769999,8.16251815414232
"CL (L/hr)",3.16993525935648,1.32135950326519,1.45237052474463,2.31649310353408,3.41289167673537,4.4993548637953,6.17456377655235
"V (L)",21.8572786221872,4.50591740069372,16.2923289742432,19.1105863270203,22.2224545675964,24.7327342998062,34.9804562654328
"K~a~ (1/hr)",6.27377823199501,6.30430196924653,0.996749377693624,3.24780176267775,8.05525770188023,10.982462336664,23.6098805083174
"K~e~ (1/hr)",0.142128530159163,0.04375071180166,0.0849002705921476,0.122053352989698,0.151120058203494,0.183419982466221,0.265173271879653
