"Parameter","median","sd","min","Q0.25","mean","Q0.75","max"
"T~max,single~ (hr)",0.813677764583968,0.415881749306981,0.103830274819157,0.571227992624214,0.877765967026602,1.15197542628057,1.64118388821712
"C~max,single~ (mg/L)",10.5232645474636,2.63609337556924,6.25638598825587,8.71357802607486,10.7018295630503,11.9935212596036,17.3947479220675
"AUC~single~ (mg*hr/L)",98.8014026658883,41.0533862676329,39.2029477465602,57.4940455698609,92.8250712646582,116.576215616006,187.557076895551
"R~ac~ (1/hr)",1.25541331501027,0.146598478449135,1.05452763395794,1.14064153945981,1.25927756543742,1.35761404476222,1.52207203522346
"A~av,ss~ (mg)",156.674781889389,46.1225815976002,84.2228762166956,119.148208533998,154.951304879269,186.965923039766,233.154021547629
"C~av,ss~ (mg/L)",8.23345022215736,3.42111552230274,3.26691231221335,4.79117046415507,7.73542260538818,9.71468463466713,15.6297564079626
"C~max,ss~ (mg/L)",15.9264956858124,4.65275525631521,8.00680927785081,11.7614378506065,15.4015689571876,17.4167695659008,25.7873914731577
"C~min,ss~ (mg/L)",3.29839357902396,2.20386597352019,0.527666834003404,1.30735780335365,3.30998400076293,4.95684611944051,8.57076307559939
