"Parameter","median","sd","min","Q0.25","mean","Q0.75","max"
"T~max,single~ (hr)",0.854661410700903,1.77651062544534,0.221858646347383,0.45128640613168,1.38311824062275,1.74963887256371,8.35478712634945
"C~max,single~ (mg/L)",11.938026372408,2.81340082598626,4.04997614113379,10.0867977178108,11.285370485388,12.7710911069196,16.9665624449106
"AUC~single~ (mg*hr/L)",92.5443953717792,29.7861989361182,60.14854056254,73.2853872171168,98.7956094810867,123.969832798134,161.743440128888
"R~ac~ (1/hr)",1.26119296892939,0.154854338194036,1.06019172546847,1.12312589781967,1.27114091227746,1.35188351705186,1.63937856317841
"A~av,ss~ (mg)",158.443736026034,47.320767805976,86.9671265118978,112.852978775014,158.819449336506,185.332586795358,264.960076664382
"C~av,ss~ (mg/L)",7.71203294764827,2.48218324467652,5.01237838021167,6.1071156014264,8.23296745675723,10.3308193998445,13.4786200107406
"C~max,ss~ (mg/L)",16.5813465854215,2.96203315971877,11.7211649223818,14.7630987481186,16.6015461616957,18.836585138888,21.2088229678112
"C~min,ss~ (mg/L)",3.27668547530038,1.97778791960623,0.947626672266142,1.76491421994556,3.46195953040032,4.75924576558962,8.11444453039297
