"Parameter","median","sd","min","Q0.25","mean","Q0.75","max"
"T~max~ (hr)",0.752574433290454,0.632004265326816,0.205300763823471,0.399998803261735,0.891373042346703,1.18362751335723,2.68089039960844
"C~max~ (mg/L)",9.86747367978078,3.1945704198922,6.42365648684408,8.5857315746138,10.821477931178,12.0245221479879,17.398158413129
"AUC (mg*hr/L)",86.950466093424,23.4532739790271,54.8692502269017,64.4582965847693,88.4909674853909,107.954831962718,128.263853257366
"Half-life (hr)",5.02482434480712,1.28604155033079,3.31851202510678,4.1570473263275,5.17747456288397,5.93185189083229,8.16941294185161
"CL (L/hr)",2.87846991792969,0.821659174488387,1.94910720090691,2.31581846499408,3.02713123498133,3.87887315697442,4.55628606124871
"V (L)",21.9179598144208,4.76471740788885,13.4923646625537,18.8681914262188,21.7699307871839,24.9205611583851,30.0437190990047
"K~a~ (1/hr)",5.05545091622788,6.78977770526679,0.841568418427401,2.5071003272617,7.59558125292931,10.8953755967937,23.9896685902496
"K~e~ (1/hr)",0.137965549114758,0.0329431793055158,0.0848286168091449,0.116840124012395,0.14136903731597,0.166709540626971,0.20882853361898
